06.03.2022|All Elite Wrestling||<a href="?id=2&amp;nr=902&amp;name=Eddie+Kingston">Eddie Kingston</a> defeats <a href="?id=2&amp;nr=758&amp;name=Chris+Jericho">Chris Jericho</a> (14:12)
06.03.2022|All Elite Wrestling||<a href="?id=2&amp;nr=3940&amp;name=Jon+Moxley">Jon Moxley</a> defeats <a href="?id=2&amp;nr=86&amp;name=Bryan+Danielson">Bryan Danielson</a> (20:44)
06.03.2022|All Elite Wrestling|<a href="?id=5&amp;nr=5224">AEW TBS Title</a>: |<a href="?id=2&amp;nr=23445&amp;name=Jade+Cargill">Jade Cargill</a> (c) defeats <a href="?id=2&amp;nr=18241&amp;name=Tay+Conti">Tay Conti</a> (7:03)
06.03.2022|All Elite Wrestling|<a href="?id=5&amp;nr=4370">AEW Women's World Title</a>: |<a href="?id=2&amp;nr=17188&amp;name=Dr.+Britt+Baker+DMD">Dr. Britt Baker DMD</a> (c) defeats <a href="?id=2&amp;nr=16209&amp;name=Thunder+Rosa">Thunder Rosa</a> (17:30)
06.03.2022|All Elite Wrestling|<a href="?id=5&amp;nr=4392">AEW World Tag Team Title</a> Three Way: |<a href="?id=28&amp;nr=8746&amp;name=Jurassic+Express">Jurassic Express</a> (<a href="?id=2&amp;nr=18237&amp;name=Jungle+Boy+">Jungle Boy</a> &amp; <a href="?id=2&amp;nr=11924&amp;name=Luchasaurus">Luchasaurus</a>) (c) defeat <a href="?id=28&amp;nr=4837&amp;name=reDRagon">reDRagon</a> (<a href="?id=2&amp;nr=1768&amp;name=Bobby+Fish">Bobby Fish</a> &amp; <a href="?id=2&amp;nr=4006&amp;name=Kyle+O'Reilly">Kyle O'Reilly</a>) and <a href="?id=28&amp;nr=1030&amp;name=The+Young+Bucks">The Young Bucks</a> (<a href="?id=2&amp;nr=4739&amp;name=Matt+Jackson">Matt Jackson</a> &amp; <a href="?id=2&amp;nr=4740&amp;name=Nick+Jackson">Nick Jackson</a>) (19:11)
06.03.2022|All Elite Wrestling|<a href="?id=5&amp;nr=4331">AEW World Title</a>: |<a href="?id=2&amp;nr=11161&amp;name=Adam+Page">Adam Page</a> (c) defeats <a href="?id=2&amp;nr=7142&amp;name=Adam+Cole">Adam Cole</a> (26:00)
06.03.2022|All Elite Wrestling|Dog Collar: |<a href="?id=2&amp;nr=80&amp;name=CM+Punk">CM Punk</a> defeats <a href="?id=2&amp;nr=17012&amp;name=MJF">MJF</a> (26:48)
06.03.2022|All Elite Wrestling|Face Of The Revolution Ladder: |<a href="?id=2&amp;nr=16006&amp;name=Wardlow">Wardlow</a> defeats <a href="?id=2&amp;nr=820&amp;name=Christian+Cage">Christian Cage</a> and <a href="?id=2&amp;nr=13732&amp;name=Keith+Lee">Keith Lee</a> and <a href="?id=2&amp;nr=2813&amp;name=Orange+Cassidy">Orange Cassidy</a> and <a href="?id=2&amp;nr=12277&amp;name=Powerhouse+Hobbs">Powerhouse Hobbs</a> and <a href="?id=2&amp;nr=14007&amp;name=Ricky+Starks">Ricky Starks</a> (18:18)
06.03.2022|All Elite Wrestling|Tornado: |<a href="?id=2&amp;nr=18849&amp;name=Darby+Allin">Darby Allin</a>, <a href="?id=2&amp;nr=15284&amp;name=Sammy+Guevara">Sammy Guevara</a> &amp; <a href="?id=2&amp;nr=263&amp;name=Sting">Sting</a> defeat <a href="?id=29&amp;nr=2914&amp;name=AHFO">AHFO</a> (<a href="?id=2&amp;nr=5596&amp;name=Andrade+El+Idolo">Andrade El Idolo</a>, <a href="?id=2&amp;nr=18653&amp;name=Isiah+Kassidy">Isiah Kassidy</a> &amp; <a href="?id=2&amp;nr=99&amp;name=Matt+Hardy">Matt Hardy</a>) (13:01)
13.11.2021|All Elite Wrestling||<a href="?id=2&amp;nr=80&amp;name=CM+Punk">CM Punk</a> defeats <a href="?id=2&amp;nr=902&amp;name=Eddie+Kingston">Eddie Kingston</a> (11:07)
13.11.2021|All Elite Wrestling||<a href="?id=2&amp;nr=3686&amp;name=Cody+Rhodes">Cody Rhodes</a> &amp; <a href="?id=2&amp;nr=3497&amp;name=PAC">PAC</a> defeat <a href="?id=2&amp;nr=5596&amp;name=Andrade+El+Idolo">Andrade El Idolo</a> &amp; <a href="?id=2&amp;nr=1700&amp;name=Malakai+Black">Malakai Black</a> (16:52)
13.11.2021|All Elite Wrestling||<a href="?id=2&amp;nr=17012&amp;name=MJF">MJF</a> defeats <a href="?id=2&amp;nr=18849&amp;name=Darby+Allin">Darby Allin</a> (21:56)
13.11.2021|All Elite Wrestling|<a href="?id=5&amp;nr=4370">AEW Women's World Title</a>: |<a href="?id=2&amp;nr=17188&amp;name=Dr.+Britt+Baker+DMD">Dr. Britt Baker DMD</a> (c) defeats <a href="?id=2&amp;nr=18241&amp;name=Tay+Conti">Tay Conti</a> (15:16)
13.11.2021|All Elite Wrestling|<a href="?id=5&amp;nr=4392">AEW World Tag Team Title</a>: |<a href="?id=28&amp;nr=7400&amp;name=The+Lucha+Brothers">The Lucha Brothers</a> (<a href="?id=2&amp;nr=10334&amp;name=Penta+El+Zero+Miedo">Penta El Zero Miedo</a> &amp; <a href="?id=2&amp;nr=10343&amp;name=Rey+Fenix++">Rey Fenix</a>) (c) defeat <a href="?id=28&amp;nr=5470&amp;name=FTR">FTR</a> (<a href="?id=2&amp;nr=7159&amp;name=Cash+Wheeler">Cash Wheeler</a> &amp; <a href="?id=2&amp;nr=12068&amp;name=Dax+Harwood">Dax Harwood</a>) (18:37)
13.11.2021|All Elite Wrestling|<a href="?id=5&amp;nr=4331">AEW World Title</a>: |<a href="?id=2&amp;nr=11161&amp;name=Adam+Page">Adam Page</a> defeats <a href="?id=2&amp;nr=2906&amp;name=Kenny+Omega">Kenny Omega</a> (c) (25:11) - <span class="MatchTitleChange">TITLE CHANGE !!!</span>
13.11.2021|All Elite Wrestling|<a href="?id=5&amp;nr=4331">AEW World Title</a> Eliminator Tournament Final: |<a href="?id=2&amp;nr=86&amp;name=Bryan+Danielson">Bryan Danielson</a> defeats <a href="?id=2&amp;nr=10610&amp;name=Miro">Miro</a> by referee's decision (19:59)
13.11.2021|All Elite Wrestling|Falls Count Anywhere: |<a href="?id=2&amp;nr=820&amp;name=Christian+Cage">Christian Cage</a> &amp; <a href="?id=28&amp;nr=8746&amp;name=The+Jurassic+Express">The Jurassic Express</a> (<a href="?id=2&amp;nr=18237&amp;name=Jungle+Boy+">Jungle Boy</a> &amp; <a href="?id=2&amp;nr=11924&amp;name=Luchasaurus">Luchasaurus</a>) defeat <a href="?id=29&amp;nr=3022&amp;name=The+SuperKliq">The SuperKliq</a> (<a href="?id=2&amp;nr=7142&amp;name=Adam+Cole">Adam Cole</a>, <a href="?id=2&amp;nr=4739&amp;name=Matt+Jackson">Matt Jackson</a> &amp; <a href="?id=2&amp;nr=4740&amp;name=Nick+Jackson">Nick Jackson</a>) (22:20)
13.11.2021|All Elite Wrestling|Ten Man Tag Team Minneapolis Street Fight: |<a href="?id=29&amp;nr=2569&amp;name=The+Inner+Circle">The Inner Circle</a> (<a href="?id=2&amp;nr=758&amp;name=Chris+Jericho">Chris Jericho</a>, <a href="?id=2&amp;nr=4071&amp;name=Jake+Hager">Jake Hager</a>, <a href="?id=2&amp;nr=12893&amp;name=Ortiz+">Ortiz</a>, <a href="?id=2&amp;nr=15284&amp;name=Sammy+Guevara">Sammy Guevara</a> &amp; <a href="?id=2&amp;nr=15052&amp;name=Santana+++">Santana</a>) defeat <a href="?id=29&amp;nr=3040&amp;name=American+Top+Team">American Top Team</a> (<a href="?id=2&amp;nr=24666&amp;name=Andrei+Arlovski">Andrei Arlovski</a>, <a href="?id=2&amp;nr=23458&amp;name=Dan+Lambert">Dan Lambert</a> &amp; <a href="?id=2&amp;nr=24632&amp;name=Junior+Dos+Santos">Junior Dos Santos</a>) &amp; <a href="?id=28&amp;nr=10014&amp;name=Men+Of+The+Year+">Men Of The Year</a> (<a href="?id=2&amp;nr=7216&amp;name=Ethan+Page">Ethan Page</a> &amp; <a href="?id=2&amp;nr=293&amp;name=Scorpio+Sky">Scorpio Sky</a>) (19:37)
05.09.2021|All Elite Wrestling||<a href="?id=2&amp;nr=80&amp;name=CM+Punk">CM Punk</a> defeats <a href="?id=2&amp;nr=18849&amp;name=Darby+Allin">Darby Allin</a> (16:40)
05.09.2021|All Elite Wrestling||<a href="?id=2&amp;nr=3940&amp;name=Jon+Moxley">Jon Moxley</a> defeats <a href="?id=2&amp;nr=276&amp;name=Satoshi+Kojima">Satoshi Kojima</a> (11:52)
05.09.2021|All Elite Wrestling||<a href="?id=2&amp;nr=712&amp;name=Paul+Wight">Paul Wight</a> defeats <a href="?id=2&amp;nr=7870&amp;name=QT+Marshall">QT Marshall</a> (3:11)
05.09.2021|All Elite Wrestling|<a href="?id=5&amp;nr=4578">AEW TNT Title</a>: |<a href="?id=2&amp;nr=10610&amp;name=Miro">Miro</a> (c) defeats <a href="?id=2&amp;nr=902&amp;name=Eddie+Kingston">Eddie Kingston</a> (13:22)
05.09.2021|All Elite Wrestling|<a href="?id=5&amp;nr=4370">AEW Women's World Title</a>: |<a href="?id=2&amp;nr=17188&amp;name=Dr.+Britt+Baker+DMD">Dr. Britt Baker DMD</a> (c) defeats <a href="?id=2&amp;nr=20328&amp;name=Kris+Statlander">Kris Statlander</a> (11:35)
05.09.2021|All Elite Wrestling|<a href="?id=5&amp;nr=4392">AEW World Tag Team Title</a> Steel Cage: |<a href="?id=28&amp;nr=7400&amp;name=The+Lucha+Brothers">The Lucha Brothers</a> (<a href="?id=2&amp;nr=10334&amp;name=Penta+El+Zero+Miedo">Penta El Zero Miedo</a> &amp; <a href="?id=2&amp;nr=10343&amp;name=Rey+Fenix++">Rey Fenix</a>) defeat <a href="?id=28&amp;nr=1030&amp;name=The+Young+Bucks">The Young Bucks</a> (<a href="?id=2&amp;nr=4739&amp;name=Matt+Jackson">Matt Jackson</a> &amp; <a href="?id=2&amp;nr=4740&amp;name=Nick+Jackson">Nick Jackson</a>) (c) (22:04) - <span class="MatchTitleChange">TITLE CHANGE !!!</span>
05.09.2021|All Elite Wrestling|<a href="?id=5&amp;nr=4331">AEW World Title</a>: |<a href="?id=2&amp;nr=2906&amp;name=Kenny+Omega">Kenny Omega</a> (c) defeats <a href="?id=2&amp;nr=820&amp;name=Christian+Cage">Christian Cage</a> (21:19)
05.09.2021|All Elite Wrestling|Casino Battle Royale: |<a href="?id=2&amp;nr=12698&amp;name=Ruby+Soho">Ruby Soho</a> defeats <a href="?id=2&amp;nr=22620&amp;name=Abadon++">Abadon</a> and <a href="?id=2&amp;nr=22619&amp;name=Anna+Jay">Anna Jay</a> and <a href="?id=2&amp;nr=17970&amp;name=Big+Swole">Big Swole</a> and <a href="?id=2&amp;nr=8526&amp;name=Diamante+++++">Diamante</a> and <a href="?id=2&amp;nr=4629&amp;name=Emi+Sakura">Emi Sakura</a> and <a href="?id=2&amp;nr=9462&amp;name=Hikaru+Shida">Hikaru Shida</a> and <a href="?id=2&amp;nr=23445&amp;name=Jade+Cargill">Jade Cargill</a> and <a href="?id=2&amp;nr=18784&amp;name=Jamie+Hayter">Jamie Hayter</a> and <a href="?id=2&amp;nr=17786&amp;name=Kiera+Hogan">Kiera Hogan</a> and <a href="?id=2&amp;nr=20584&amp;name=KiLynn+King">KiLynn King</a> and <a href="?id=2&amp;nr=20630&amp;name=Leyla+Hirsch">Leyla Hirsch</a> and <a href="?id=2&amp;nr=17025&amp;name=Nyla+Rose">Nyla Rose</a> and <a href="?id=2&amp;nr=17027&amp;name=Penelope+Ford">Penelope Ford</a> and <a href="?id=2&amp;nr=14663&amp;name=Rebel++++">Rebel</a> and <a href="?id=2&amp;nr=22271&amp;name=Red+Velvet">Red Velvet</a> and <a href="?id=2&amp;nr=9434&amp;name=Riho">Riho</a> and <a href="?id=2&amp;nr=23406&amp;name=Skye+Blue">Skye Blue</a> and <a href="?id=2&amp;nr=18241&amp;name=Tay+Conti">Tay Conti</a> and <a href="?id=2&amp;nr=5376&amp;name=The+Bunny++">The Bunny</a> and <a href="?id=2&amp;nr=16209&amp;name=Thunder+Rosa">Thunder Rosa</a> (21:56)
05.09.2021|All Elite Wrestling|The Final Fight: |<a href="?id=2&amp;nr=758&amp;name=Chris+Jericho">Chris Jericho</a> defeats <a href="?id=2&amp;nr=17012&amp;name=MJF">MJF</a> (19:36)
30.05.2021|All Elite Wrestling||<a href="?id=2&amp;nr=11161&amp;name=Adam+Page">Adam Page</a> defeats <a href="?id=2&amp;nr=4823&amp;name=Brian+Cage">Brian Cage</a> (12:07)
30.05.2021|All Elite Wrestling||<a href="?id=2&amp;nr=3686&amp;name=Cody+Rhodes">Cody Rhodes</a> defeats <a href="?id=2&amp;nr=23823&amp;name=Anthony+Ogogo">Anthony Ogogo</a> (10:32)
30.05.2021|All Elite Wrestling||<a href="?id=2&amp;nr=18849&amp;name=Darby+Allin">Darby Allin</a> &amp; <a href="?id=2&amp;nr=263&amp;name=Sting">Sting</a> defeat <a href="?id=2&amp;nr=7216&amp;name=Ethan+Page">Ethan Page</a> &amp; <a href="?id=2&amp;nr=293&amp;name=Scorpio+Sky">Scorpio Sky</a> (14:05)
30.05.2021|All Elite Wrestling|<a href="?id=5&amp;nr=4578">AEW TNT Title</a>: |<a href="?id=2&amp;nr=10610&amp;name=Miro">Miro</a> (c) defeats <a href="?id=2&amp;nr=1062&amp;name=Lance+Archer">Lance Archer</a> by referee's decision (10:46)
30.05.2021|All Elite Wrestling|<a href="?id=5&amp;nr=4370">AEW Women's World Title</a>: |<a href="?id=2&amp;nr=17188&amp;name=Dr.+Britt+Baker+DMD">Dr. Britt Baker DMD</a> defeats <a href="?id=2&amp;nr=9462&amp;name=Hikaru+Shida">Hikaru Shida</a> (c) (16:22) - <span class="MatchTitleChange">TITLE CHANGE !!!</span>
30.05.2021|All Elite Wrestling|<a href="?id=5&amp;nr=4392">AEW World Tag Team Title</a>: |<a href="?id=28&amp;nr=1030&amp;name=The+Young+Bucks">The Young Bucks</a> (<a href="?id=2&amp;nr=4739&amp;name=Matt+Jackson">Matt Jackson</a> &amp; <a href="?id=2&amp;nr=4740&amp;name=Nick+Jackson">Nick Jackson</a>) (c) defeat <a href="?id=2&amp;nr=902&amp;name=Eddie+Kingston">Eddie Kingston</a> &amp; <a href="?id=2&amp;nr=3940&amp;name=Jon+Moxley">Jon Moxley</a> (21:09)
30.05.2021|All Elite Wrestling|<a href="?id=5&amp;nr=4331">AEW World Title</a> Three Way: |<a href="?id=2&amp;nr=2906&amp;name=Kenny+Omega">Kenny Omega</a> (c) defeats <a href="?id=2&amp;nr=2813&amp;name=Orange+Cassidy">Orange Cassidy</a> and <a href="?id=2&amp;nr=3497&amp;name=PAC">PAC</a> (27:10)
30.05.2021|All Elite Wrestling|Casino Battle Royale: |<a href="?id=2&amp;nr=18237&amp;name=Jungle+Boy+">Jungle Boy</a> defeats <a href="?id=2&amp;nr=9087&amp;name=Aaron+Solow">Aaron Solow</a> and <a href="?id=2&amp;nr=14810&amp;name=Anthony+Bowens">Anthony Bowens</a> and <a href="?id=2&amp;nr=20065&amp;name=Brian+Pillman+Jr.">Brian Pillman Jr.</a> and <a href="?id=2&amp;nr=820&amp;name=Christian+Cage">Christian Cage</a> and <a href="?id=2&amp;nr=994&amp;name=Colt+Cabana">Colt Cabana</a> and <a href="?id=2&amp;nr=917&amp;name=Dustin+Rhodes">Dustin Rhodes</a> and <a href="?id=2&amp;nr=2397&amp;name=Evil+Uno">Evil Uno</a> and <a href="?id=2&amp;nr=18858&amp;name=Griff+Garrison">Griff Garrison</a> and <a href="?id=2&amp;nr=18653&amp;name=Isiah+Kassidy">Isiah Kassidy</a> and <a href="?id=2&amp;nr=22366&amp;name=Lee+Johnson">Lee Johnson</a> and <a href="?id=2&amp;nr=16322&amp;name=Lio+Rush">Lio Rush</a> and <a href="?id=2&amp;nr=15417&amp;name=Marq+Quen">Marq Quen</a> and <a href="?id=2&amp;nr=99&amp;name=Matt+Hardy">Matt Hardy</a> and <a href="?id=2&amp;nr=1065&amp;name=Matt+Sydal">Matt Sydal</a> and <a href="?id=2&amp;nr=19761&amp;name=Max+Caster">Max Caster</a> and <a href="?id=2&amp;nr=18841&amp;name=Nick+Comoroto">Nick Comoroto</a> and <a href="?id=2&amp;nr=10334&amp;name=Penta+El+Zero+Miedo">Penta El Zero Miedo</a> and <a href="?id=2&amp;nr=12277&amp;name=Powerhouse+Hobbs">Powerhouse Hobbs</a> and <a href="?id=2&amp;nr=10297&amp;name=Serpentico">Serpentico</a> and <a href="?id=2&amp;nr=20399&amp;name=Ten">Ten</a> (23:29)
30.05.2021|All Elite Wrestling|Stadium Stampede: |<a href="?id=29&amp;nr=2569&amp;name=The+Inner+Circle">The Inner Circle</a> (<a href="?id=2&amp;nr=758&amp;name=Chris+Jericho">Chris Jericho</a>, <a href="?id=2&amp;nr=4071&amp;name=Jake+Hager">Jake Hager</a>, <a href="?id=2&amp;nr=12893&amp;name=Ortiz+">Ortiz</a>, <a href="?id=2&amp;nr=15284&amp;name=Sammy+Guevara">Sammy Guevara</a> &amp; <a href="?id=2&amp;nr=15052&amp;name=Santana+++">Santana</a>) defeat <a href="?id=29&amp;nr=2902&amp;name=The+Pinnacle">The Pinnacle</a> (<a href="?id=2&amp;nr=7159&amp;name=Cash+Wheeler">Cash Wheeler</a>, <a href="?id=2&amp;nr=12068&amp;name=Dax+Harwood">Dax Harwood</a>, <a href="?id=2&amp;nr=17012&amp;name=MJF">MJF</a>, <a href="?id=2&amp;nr=3190&amp;name=Shawn+Spears">Shawn Spears</a> &amp; <a href="?id=2&amp;nr=16006&amp;name=Wardlow">Wardlow</a>) (32:26)
07.03.2021|All Elite Wrestling||<a href="?id=2&amp;nr=14266&amp;name=Kip+Sabian">Kip Sabian</a> &amp; <a href="?id=2&amp;nr=10610&amp;name=Miro">Miro</a> defeat <a href="?id=2&amp;nr=3828&amp;name=Chuck+Taylor">Chuck Taylor</a> &amp; <a href="?id=2&amp;nr=2813&amp;name=Orange+Cassidy">Orange Cassidy</a> (7:51)
07.03.2021|All Elite Wrestling|<a href="?id=5&amp;nr=4578">AEW TNT Title</a> #1 Contendership Face Of The Revolution Ladder: |<a href="?id=2&amp;nr=293&amp;name=Scorpio+Sky">Scorpio Sky</a> defeats <a href="?id=2&amp;nr=3686&amp;name=Cody+Rhodes">Cody Rhodes</a> and <a href="?id=2&amp;nr=7216&amp;name=Ethan+Page">Ethan Page</a> and <a href="?id=2&amp;nr=1062&amp;name=Lance+Archer">Lance Archer</a> and <a href="?id=2&amp;nr=19761&amp;name=Max+Caster">Max Caster</a> and <a href="?id=2&amp;nr=10334&amp;name=Penta+El+Zero+Miedo">Penta El Zero Miedo</a> (23:07)
07.03.2021|All Elite Wrestling|<a href="?id=5&amp;nr=4370">AEW Women's World Title</a>: |<a href="?id=2&amp;nr=9462&amp;name=Hikaru+Shida">Hikaru Shida</a> (c) defeats <a href="?id=2&amp;nr=8562&amp;name=Ryo+Mizunami">Ryo Mizunami</a> (15:06)
07.03.2021|All Elite Wrestling|<a href="?id=5&amp;nr=4392">AEW World Tag Team Title</a>: |<a href="?id=28&amp;nr=1030&amp;name=The+Young+Bucks">The Young Bucks</a> (<a href="?id=2&amp;nr=4739&amp;name=Matt+Jackson">Matt Jackson</a> &amp; <a href="?id=2&amp;nr=4740&amp;name=Nick+Jackson">Nick Jackson</a>) (c) defeat <a href="?id=29&amp;nr=2569&amp;name=The+Inner+Circle">The Inner Circle</a> (<a href="?id=2&amp;nr=758&amp;name=Chris+Jericho">Chris Jericho</a> &amp; <a href="?id=2&amp;nr=17012&amp;name=MJF">MJF</a>) (17:49)
07.03.2021|All Elite Wrestling|<a href="?id=5&amp;nr=4331">AEW World Title</a> Exploding Barbed Wire Death: |<a href="?id=2&amp;nr=2906&amp;name=Kenny+Omega">Kenny Omega</a> (c) defeats <a href="?id=2&amp;nr=3940&amp;name=Jon+Moxley">Jon Moxley</a> (25:11)
07.03.2021|All Elite Wrestling|Big Money: |<a href="?id=2&amp;nr=11161&amp;name=Adam+Page">Adam Page</a> defeats <a href="?id=2&amp;nr=99&amp;name=Matt+Hardy">Matt Hardy</a> (14:57)
07.03.2021|All Elite Wrestling|Casino Tag Team Royale: |<a href="?id=29&amp;nr=2678&amp;name=Death+Triangle">Death Triangle</a> (<a href="?id=2&amp;nr=3497&amp;name=PAC">PAC</a> &amp; <a href="?id=2&amp;nr=10343&amp;name=Rey+Fenix++">Rey Fenix</a>) defeat <a href="?id=28&amp;nr=8158&amp;name=Bear+Country">Bear Country</a> (<a href="?id=2&amp;nr=19259&amp;name=Bear+Boulder">Bear Boulder</a> &amp; <a href="?id=2&amp;nr=20207&amp;name=Bear+Bronson">Bear Bronson</a>) and <a href="?id=28&amp;nr=8746&amp;name=Jurassic+Express">Jurassic Express</a> (<a href="?id=2&amp;nr=18237&amp;name=Jungle+Boy+">Jungle Boy</a> &amp; <a href="?id=2&amp;nr=11924&amp;name=Luchasaurus">Luchasaurus</a>) and <a href="?id=2&amp;nr=1065&amp;name=Matt+Sydal">Matt Sydal</a> &amp; <a href="?id=2&amp;nr=8265&amp;name=Mike+Sydal">Mike Sydal</a> and <a href="?id=28&amp;nr=6318&amp;name=Private+Party">Private Party</a> (<a href="?id=2&amp;nr=18653&amp;name=Isiah+Kassidy">Isiah Kassidy</a> &amp; <a href="?id=2&amp;nr=15417&amp;name=Marq+Quen">Marq Quen</a>) and <a href="?id=29&amp;nr=2246&amp;name=SCU">SCU</a> (<a href="?id=2&amp;nr=452&amp;name=Christopher+Daniels">Christopher Daniels</a> &amp; <a href="?id=2&amp;nr=892&amp;name=Frankie+Kazarian">Frankie Kazarian</a>) and <a href="?id=28&amp;nr=8381&amp;name=The+Butcher+And+The+Blade">The Butcher And The Blade</a> (<a href="?id=2&amp;nr=4307&amp;name=The+Blade+++++">The Blade</a> &amp; <a href="?id=2&amp;nr=21060&amp;name=The+Butcher+++++">The Butcher</a>) and <a href="?id=29&amp;nr=2663&amp;name=The+Dark+Order">The Dark Order</a> (<a href="?id=2&amp;nr=6215&amp;name=Alex+Reynolds">Alex Reynolds</a> &amp; <a href="?id=2&amp;nr=6959&amp;name=John+Silver">John Silver</a>) and <a href="?id=29&amp;nr=2663&amp;name=The+Dark+Order">The Dark Order</a> (<a href="?id=2&amp;nr=2397&amp;name=Evil+Uno">Evil Uno</a> &amp; <a href="?id=2&amp;nr=5424&amp;name=Stu+Grayson">Stu Grayson</a>) and <a href="?id=29&amp;nr=2663&amp;name=The+Dark+Order">The Dark Order</a> (<a href="?id=2&amp;nr=20186&amp;name=Five">Five</a> &amp; <a href="?id=2&amp;nr=20399&amp;name=Ten">Ten</a>) and <a href="?id=29&amp;nr=2808&amp;name=The+Gunn+Club+">The Gunn Club</a> (<a href="?id=2&amp;nr=20024&amp;name=Austin+Gunn">Austin Gunn</a> &amp; <a href="?id=2&amp;nr=23125&amp;name=Colten+Gunn">Colten Gunn</a>) and <a href="?id=29&amp;nr=2569&amp;name=The+Inner+Circle">The Inner Circle</a> (<a href="?id=2&amp;nr=12893&amp;name=Ortiz+">Ortiz</a> &amp; <a href="?id=2&amp;nr=15052&amp;name=Santana+++">Santana</a>) and <a href="?id=28&amp;nr=9287&amp;name=The+Natural+Nightmares">The Natural Nightmares</a> (<a href="?id=2&amp;nr=917&amp;name=Dustin+Rhodes">Dustin Rhodes</a> &amp; <a href="?id=2&amp;nr=7870&amp;name=QT+Marshall">QT Marshall</a>) and <a href="?id=29&amp;nr=2913&amp;name=The+Pretty+Picture">The Pretty Picture</a> (<a href="?id=2&amp;nr=16194&amp;name=Cezar+Bononi">Cezar Bononi</a> &amp; <a href="?id=2&amp;nr=8148&amp;name=Peter+Avalon">Peter Avalon</a>) and <a href="?id=28&amp;nr=9709&amp;name=The+Varsity+Blonds">The Varsity Blonds</a> (<a href="?id=2&amp;nr=20065&amp;name=Brian+Pillman+Jr.">Brian Pillman Jr.</a> &amp; <a href="?id=2&amp;nr=18858&amp;name=Griff+Garrison">Griff Garrison</a>) (26:45)
07.03.2021|All Elite Wrestling|Tag Team Street Fight: |<a href="?id=2&amp;nr=18849&amp;name=Darby+Allin">Darby Allin</a> &amp; <a href="?id=2&amp;nr=263&amp;name=Sting">Sting</a> defeat <a href="?id=29&amp;nr=2776&amp;name=Team+Taz">Team Taz</a> (<a href="?id=2&amp;nr=4823&amp;name=Brian+Cage">Brian Cage</a> &amp; <a href="?id=2&amp;nr=14007&amp;name=Ricky+Starks">Ricky Starks</a>) (13:52)
07.11.2020|All Elite Wrestling||<a href="?id=2&amp;nr=17012&amp;name=MJF">MJF</a> defeats <a href="?id=2&amp;nr=758&amp;name=Chris+Jericho">Chris Jericho</a> (16:15)
07.11.2020|All Elite Wrestling||<a href="?id=2&amp;nr=2813&amp;name=Orange+Cassidy">Orange Cassidy</a> defeats <a href="?id=2&amp;nr=6959&amp;name=John+Silver">John Silver</a> (9:42)
07.11.2020|All Elite Wrestling|<a href="?id=5&amp;nr=4578">AEW TNT Title</a>: |<a href="?id=2&amp;nr=18849&amp;name=Darby+Allin">Darby Allin</a> defeats <a href="?id=2&amp;nr=3686&amp;name=Cody+Rhodes">Cody Rhodes</a> (c) (16:49) - <span class="MatchTitleChange">TITLE CHANGE !!!</span>
07.11.2020|All Elite Wrestling|<a href="?id=5&amp;nr=4370">AEW Women's World Title</a>: |<a href="?id=2&amp;nr=9462&amp;name=Hikaru+Shida">Hikaru Shida</a> (c) defeats <a href="?id=2&amp;nr=17025&amp;name=Nyla+Rose">Nyla Rose</a> (14:12)
07.11.2020|All Elite Wrestling|<a href="?id=5&amp;nr=4392">AEW World Tag Team Title</a>: |<a href="?id=28&amp;nr=1030&amp;name=The+Young+Bucks">The Young Bucks</a> (<a href="?id=2&amp;nr=4739&amp;name=Matt+Jackson">Matt Jackson</a> &amp; <a href="?id=2&amp;nr=4740&amp;name=Nick+Jackson">Nick Jackson</a>) defeat <a href="?id=28&amp;nr=5470&amp;name=FTR">FTR</a> (<a href="?id=2&amp;nr=7159&amp;name=Cash+Wheeler">Cash Wheeler</a> &amp; <a href="?id=2&amp;nr=12068&amp;name=Dax+Harwood">Dax Harwood</a>) (c) (28:46) - <span class="MatchTitleChange">TITLE CHANGE !!!</span>
07.11.2020|All Elite Wrestling|<a href="?id=5&amp;nr=4331">AEW World Title</a> Eliminator Tournament Final: |<a href="?id=2&amp;nr=2906&amp;name=Kenny+Omega">Kenny Omega</a> defeats <a href="?id=2&amp;nr=11161&amp;name=Adam+Page">Adam Page</a> (16:28)
07.11.2020|All Elite Wrestling|<a href="?id=5&amp;nr=4331">AEW World Title</a> I Quit: |<a href="?id=2&amp;nr=3940&amp;name=Jon+Moxley">Jon Moxley</a> (c) defeats <a href="?id=2&amp;nr=902&amp;name=Eddie+Kingston">Eddie Kingston</a> (18:59)
07.11.2020|All Elite Wrestling|Elite Deletion: |<a href="?id=2&amp;nr=99&amp;name=Matt+Hardy">Matt Hardy</a> defeats <a href="?id=2&amp;nr=15284&amp;name=Sammy+Guevara">Sammy Guevara</a> (19:39)
05.09.2020|All Elite Wrestling||<a href="?id=28&amp;nr=9287&amp;name=The+Natural+Nightmares">The Natural Nightmares</a> (<a href="?id=2&amp;nr=917&amp;name=Dustin+Rhodes">Dustin Rhodes</a> &amp; <a href="?id=2&amp;nr=7870&amp;name=QT+Marshall">QT Marshall</a>), <a href="?id=2&amp;nr=2750&amp;name=Matt+Cardona">Matt Cardona</a> &amp; <a href="?id=2&amp;nr=293&amp;name=Scorpio+Sky">Scorpio Sky</a> defeat <a href="?id=2&amp;nr=994&amp;name=Colt+Cabana">Colt Cabana</a> &amp; <a href="?id=29&amp;nr=2663&amp;name=The+Dark+Order">The Dark Order</a> (<a href="?id=2&amp;nr=2397&amp;name=Evil+Uno">Evil Uno</a>, <a href="?id=2&amp;nr=5244&amp;name=Mr.+Brodie+Lee">Mr. Brodie Lee</a> &amp; <a href="?id=2&amp;nr=5424&amp;name=Stu+Grayson">Stu Grayson</a>) (15:04)
05.09.2020|All Elite Wrestling||<a href="?id=28&amp;nr=1030&amp;name=The+Young+Bucks">The Young Bucks</a> (<a href="?id=2&amp;nr=4739&amp;name=Matt+Jackson">Matt Jackson</a> &amp; <a href="?id=2&amp;nr=4740&amp;name=Nick+Jackson">Nick Jackson</a>) defeat <a href="?id=28&amp;nr=8746&amp;name=The+Jurassic+Express">The Jurassic Express</a> (<a href="?id=2&amp;nr=18237&amp;name=Jungle+Boy+">Jungle Boy</a> &amp; <a href="?id=2&amp;nr=11924&amp;name=Luchasaurus">Luchasaurus</a>) (15:24)
05.09.2020|All Elite Wrestling|21 Man Casino Battle Royale: |<a href="?id=2&amp;nr=1062&amp;name=Lance+Archer">Lance Archer</a> defeats <a href="?id=2&amp;nr=1081&amp;name=Billy">Billy</a> and <a href="?id=2&amp;nr=4823&amp;name=Brian+Cage">Brian Cage</a> and <a href="?id=2&amp;nr=452&amp;name=Christopher+Daniels">Christopher Daniels</a> and <a href="?id=2&amp;nr=3828&amp;name=Chuck+Taylor">Chuck Taylor</a> and <a href="?id=2&amp;nr=18849&amp;name=Darby+Allin">Darby Allin</a> and <a href="?id=2&amp;nr=902&amp;name=Eddie+Kingston">Eddie Kingston</a> and <a href="?id=2&amp;nr=892&amp;name=Frankie+Kazarian">Frankie Kazarian</a> and <a href="?id=2&amp;nr=4071&amp;name=Jake+Hager">Jake Hager</a> and <a href="?id=2&amp;nr=1065&amp;name=Matt+Sydal">Matt Sydal</a> and <a href="?id=2&amp;nr=12893&amp;name=Ortiz+">Ortiz</a> and <a href="?id=2&amp;nr=10334&amp;name=Penta+El+Zero+M">Penta El Zero M</a> and <a href="?id=2&amp;nr=10343&amp;name=Rey+Fenix++">Rey Fenix</a> and <a href="?id=2&amp;nr=14007&amp;name=Ricky+Starks">Ricky Starks</a> and <a href="?id=2&amp;nr=15052&amp;name=Santana+++">Santana</a> and <a href="?id=2&amp;nr=3190&amp;name=Shawn+Spears">Shawn Spears</a> and <a href="?id=2&amp;nr=17540&amp;name=Sonny+Kiss">Sonny Kiss</a> and <a href="?id=2&amp;nr=4307&amp;name=The+Blade+++++">The Blade</a> and <a href="?id=2&amp;nr=21060&amp;name=The+Butcher+++++">The Butcher</a> and <a href="?id=2&amp;nr=2963&amp;name=Trent">Trent</a> and <a href="?id=2&amp;nr=12277&amp;name=Will+Hobbs">Will Hobbs</a> (21:48)
05.09.2020|All Elite Wrestling|<a href="?id=5&amp;nr=4370">AEW Women's World Title</a>: |<a href="?id=2&amp;nr=9462&amp;name=Hikaru+Shida">Hikaru Shida</a> (c) defeats <a href="?id=2&amp;nr=16209&amp;name=Thunder+Rosa">Thunder Rosa</a> (16:57)
05.09.2020|All Elite Wrestling|<a href="?id=5&amp;nr=4392">AEW World Tag Team Title</a>: |<a href="?id=28&amp;nr=5470&amp;name=FTR">FTR</a> (<a href="?id=2&amp;nr=7159&amp;name=Cash+Wheeler">Cash Wheeler</a> &amp; <a href="?id=2&amp;nr=12068&amp;name=Dax+Harwood">Dax Harwood</a>) defeat <a href="?id=2&amp;nr=11161&amp;name=Adam+Page">Adam Page</a> &amp; <a href="?id=2&amp;nr=2906&amp;name=Kenny+Omega">Kenny Omega</a> (c) (29:37) - <span class="MatchTitleChange">TITLE CHANGE !!!</span>
05.09.2020|All Elite Wrestling|<a href="?id=5&amp;nr=4331">AEW World Title</a>: |<a href="?id=2&amp;nr=3940&amp;name=Jon+Moxley">Jon Moxley</a> (c) defeats <a href="?id=2&amp;nr=17012&amp;name=MJF">MJF</a> (23:42)
05.09.2020|All Elite Wrestling|Broken Rules: |<a href="?id=2&amp;nr=99&amp;name=Matt+Hardy">Matt Hardy</a> defeats <a href="?id=2&amp;nr=15284&amp;name=Sammy+Guevara">Sammy Guevara</a> (6:05)
05.09.2020|All Elite Wrestling|Mimosa Mayhem: |<a href="?id=2&amp;nr=2813&amp;name=Orange+Cassidy">Orange Cassidy</a> defeats <a href="?id=2&amp;nr=758&amp;name=Chris+Jericho">Chris Jericho</a> (15:02)
05.09.2020|All Elite Wrestling|Tooth And Nail: |<a href="?id=2&amp;nr=17970&amp;name=Big+Swole">Big Swole</a> defeats <a href="?id=2&amp;nr=17188&amp;name=Dr.+Britt+Baker+DMD">Dr. Britt Baker DMD</a> by referee's decision (6:18)
23.05.2020|All Elite Wrestling||<a href="?id=2&amp;nr=917&amp;name=Dustin+Rhodes">Dustin Rhodes</a> defeats <a href="?id=2&amp;nr=3190&amp;name=Shawn+Spears">Shawn Spears</a> (4:11)
23.05.2020|All Elite Wrestling||<a href="?id=2&amp;nr=20328&amp;name=Kris+Statlander">Kris Statlander</a> defeats <a href="?id=2&amp;nr=17027&amp;name=Penelope+Ford">Penelope Ford</a> (8:11)
23.05.2020|All Elite Wrestling||<a href="?id=2&amp;nr=17012&amp;name=MJF">MJF</a> defeats <a href="?id=2&amp;nr=18237&amp;name=Jungle+Boy+">Jungle Boy</a> (17:27)
23.05.2020|All Elite Wrestling|<a href="?id=5&amp;nr=4578">AEW TNT Title</a> Tournament Final Match (vakant): |<a href="?id=2&amp;nr=3686&amp;name=Cody+">Cody</a> defeats <a href="?id=2&amp;nr=1062&amp;name=Lance+Archer">Lance Archer</a> (21:11) - <span class="MatchTitleChange">TITLE CHANGE !!!</span>
23.05.2020|All Elite Wrestling|<a href="?id=5&amp;nr=4370">AEW Women's World Title</a> No Disqualification: |<a href="?id=2&amp;nr=9462&amp;name=Hikaru+Shida">Hikaru Shida</a> defeats <a href="?id=2&amp;nr=17025&amp;name=Nyla+Rose">Nyla Rose</a> (c) (16:34) - <span class="MatchTitleChange">TITLE CHANGE !!!</span>
23.05.2020|All Elite Wrestling|<a href="?id=5&amp;nr=4331">AEW World Title</a>: |<a href="?id=2&amp;nr=3940&amp;name=Jon+Moxley">Jon Moxley</a> (c) defeats <a href="?id=2&amp;nr=5244&amp;name=Mr.+Brodie+Lee">Mr. Brodie Lee</a> by referee's decision (15:29)
23.05.2020|All Elite Wrestling|Casino Ladder: |<a href="?id=2&amp;nr=4823&amp;name=Brian+Cage">Brian Cage</a> defeats <a href="?id=2&amp;nr=994&amp;name=Colt+Cabana">Colt Cabana</a> and <a href="?id=2&amp;nr=18849&amp;name=Darby+Allin">Darby Allin</a> and <a href="?id=2&amp;nr=892&amp;name=Frankie+Kazarian">Frankie Kazarian</a> and <a href="?id=2&amp;nr=10271&amp;name=Joey+Janela">Joey Janela</a> and <a href="?id=2&amp;nr=14266&amp;name=Kip+Sabian">Kip Sabian</a> and <a href="?id=2&amp;nr=11924&amp;name=Luchasaurus">Luchasaurus</a> and <a href="?id=2&amp;nr=2813&amp;name=Orange+Cassidy">Orange Cassidy</a> and <a href="?id=2&amp;nr=293&amp;name=Scorpio+Sky">Scorpio Sky</a> (27:28)
22.05.2020|All Elite Wrestling|Stadium Stampede: |<a href="?id=29&amp;nr=2366&amp;name=The+Elite">The Elite</a> (<a href="?id=2&amp;nr=11161&amp;name=Adam+Page">Adam Page</a>, <a href="?id=2&amp;nr=2906&amp;name=Kenny+Omega">Kenny Omega</a>, <a href="?id=2&amp;nr=4739&amp;name=Matt+Jackson">Matt Jackson</a> &amp; <a href="?id=2&amp;nr=4740&amp;name=Nick+Jackson">Nick Jackson</a>) &amp; <a href="?id=2&amp;nr=99&amp;name=Matt+Hardy">Matt Hardy</a> defeat <a href="?id=29&amp;nr=2569&amp;name=The+Inner+Circle">The Inner Circle</a> (<a href="?id=2&amp;nr=758&amp;name=Chris+Jericho">Chris Jericho</a>, <a href="?id=2&amp;nr=4071&amp;name=Jake+Hager">Jake Hager</a>, <a href="?id=2&amp;nr=12893&amp;name=Ortiz+">Ortiz</a>, <a href="?id=2&amp;nr=15284&amp;name=Sammy+Guevara">Sammy Guevara</a> &amp; <a href="?id=2&amp;nr=15052&amp;name=Santana+++">Santana</a>) (33:59)
29.02.2020|All Elite Wrestling||<a href="?id=2&amp;nr=18849&amp;name=Darby+Allin">Darby Allin</a> defeats <a href="?id=2&amp;nr=15284&amp;name=Sammy+Guevara">Sammy Guevara</a> (5:00)
29.02.2020|All Elite Wrestling||<a href="?id=2&amp;nr=4071&amp;name=Jake+Hager">Jake Hager</a> defeats <a href="?id=2&amp;nr=917&amp;name=Dustin+Rhodes">Dustin Rhodes</a> (14:44)
29.02.2020|All Elite Wrestling||<a href="?id=2&amp;nr=17012&amp;name=MJF">MJF</a> defeats <a href="?id=2&amp;nr=3686&amp;name=Cody+">Cody</a> (24:39)
29.02.2020|All Elite Wrestling||<a href="?id=2&amp;nr=3497&amp;name=PAC">PAC</a> defeats <a href="?id=2&amp;nr=2813&amp;name=Orange+Cassidy">Orange Cassidy</a> (13:02)
29.02.2020|All Elite Wrestling|<a href="?id=5&amp;nr=4370">AEW Women's World Title</a>: |<a href="?id=2&amp;nr=17025&amp;name=Nyla+Rose">Nyla Rose</a> (c) defeats <a href="?id=2&amp;nr=20328&amp;name=Kris+Statlander">Kris Statlander</a> (12:49)
29.02.2020|All Elite Wrestling|<a href="?id=5&amp;nr=4392">AEW World Tag Team Title</a>: |<a href="?id=2&amp;nr=11161&amp;name=Adam+Page">Adam Page</a> &amp; <a href="?id=2&amp;nr=2906&amp;name=Kenny+Omega">Kenny Omega</a> (c) defeat <a href="?id=28&amp;nr=1030&amp;name=The+Young+Bucks">The Young Bucks</a> (<a href="?id=2&amp;nr=4739&amp;name=Matt+Jackson">Matt Jackson</a> &amp; <a href="?id=2&amp;nr=4740&amp;name=Nick+Jackson">Nick Jackson</a>) (30:06)
29.02.2020|All Elite Wrestling|<a href="?id=5&amp;nr=4331">AEW World Title</a>: |<a href="?id=2&amp;nr=3940&amp;name=Jon+Moxley">Jon Moxley</a> defeats <a href="?id=2&amp;nr=758&amp;name=Chris+Jericho">Chris Jericho</a> (c) (22:21) - <span class="MatchTitleChange">TITLE CHANGE !!!</span>
09.11.2019|All Elite Wrestling||<a href="?id=2&amp;nr=11161&amp;name=Adam+Page">Adam Page</a> defeats <a href="?id=2&amp;nr=3497&amp;name=PAC">PAC</a> (18:53)
09.11.2019|All Elite Wrestling||<a href="?id=28&amp;nr=4973&amp;name=Proud-N-Powerful">Proud-N-Powerful</a> (<a href="?id=2&amp;nr=12893&amp;name=Ortiz+">Ortiz</a> &amp; <a href="?id=2&amp;nr=15052&amp;name=Santana+++">Santana</a>) defeat <a href="?id=28&amp;nr=1030&amp;name=The+Young+Bucks">The Young Bucks</a> (<a href="?id=2&amp;nr=4739&amp;name=Matt+Jackson">Matt Jackson</a> &amp; <a href="?id=2&amp;nr=4740&amp;name=Nick+Jackson">Nick Jackson</a>) (21:00)
09.11.2019|All Elite Wrestling||<a href="?id=2&amp;nr=3190&amp;name=Shawn+Spears">Shawn Spears</a> defeats <a href="?id=2&amp;nr=10271&amp;name=Joey+Janela">Joey Janela</a> (11:42)
09.11.2019|All Elite Wrestling|<a href="?id=5&amp;nr=4370">AEW Women's World Title</a>: |<a href="?id=2&amp;nr=9434&amp;name=Riho">Riho</a> (c) defeats <a href="?id=2&amp;nr=4629&amp;name=Emi+Sakura">Emi Sakura</a> (13:19)
09.11.2019|All Elite Wrestling|<a href="?id=5&amp;nr=4392">AEW World Tag Team Title</a> Three Way: |<a href="?id=29&amp;nr=2246&amp;name=SCU">SCU</a> (<a href="?id=2&amp;nr=892&amp;name=Frankie+Kazarian">Frankie Kazarian</a> &amp; <a href="?id=2&amp;nr=293&amp;name=Scorpio+Sky">Scorpio Sky</a>) (c) defeat <a href="?id=28&amp;nr=7400&amp;name=The+Lucha+Brothers">The Lucha Brothers</a> (<a href="?id=2&amp;nr=10334&amp;name=Pentagon+Jr.">Pentagon Jr.</a> &amp; <a href="?id=2&amp;nr=10343&amp;name=Rey+Fenix++">Rey Fenix</a>) and <a href="?id=28&amp;nr=6318&amp;name=Private+Party">Private Party</a> (<a href="?id=2&amp;nr=18653&amp;name=Isiah+Kassidy">Isiah Kassidy</a> &amp; <a href="?id=2&amp;nr=15417&amp;name=Marq+Quen">Marq Quen</a>) (13:07)
09.11.2019|All Elite Wrestling|<a href="?id=5&amp;nr=4331">AEW World Title</a>: |<a href="?id=2&amp;nr=758&amp;name=Chris+Jericho">Chris Jericho</a> (c) defeats <a href="?id=2&amp;nr=3686&amp;name=Cody+">Cody</a> (28:38)
09.11.2019|All Elite Wrestling|Lights Out: |<a href="?id=2&amp;nr=3940&amp;name=Jon+Moxley">Jon Moxley</a> defeats <a href="?id=2&amp;nr=2906&amp;name=Kenny+Omega">Kenny Omega</a> (38:46)
31.08.2019|All Elite Wrestling||<a href="?id=2&amp;nr=3686&amp;name=Cody+">Cody</a> defeats <a href="?id=2&amp;nr=3190&amp;name=Shawn+Spears">Shawn Spears</a> (17:23)
31.08.2019|All Elite Wrestling||<a href="?id=2&amp;nr=3497&amp;name=PAC">PAC</a> defeats <a href="?id=2&amp;nr=2906&amp;name=Kenny+Omega">Kenny Omega</a> by referee's decision (23:39)
31.08.2019|All Elite Wrestling||<a href="?id=2&amp;nr=9434&amp;name=Riho">Riho</a> defeats <a href="?id=2&amp;nr=9462&amp;name=Hikaru+Shida">Hikaru Shida</a> (13:22)
31.08.2019|All Elite Wrestling||<a href="?id=29&amp;nr=2246&amp;name=SCU">SCU</a> (<a href="?id=2&amp;nr=452&amp;name=Christopher+Daniels">Christopher Daniels</a>, <a href="?id=2&amp;nr=892&amp;name=Frankie+Kazarian">Frankie Kazarian</a> &amp; <a href="?id=2&amp;nr=293&amp;name=Scorpio+Sky">Scorpio Sky</a>) defeat <a href="?id=29&amp;nr=2552&amp;name=The+Jurassic+Express+">The Jurassic Express</a> (<a href="?id=2&amp;nr=18237&amp;name=Jungle+Boy+">Jungle Boy</a>, <a href="?id=2&amp;nr=11924&amp;name=Luchasaurus">Luchasaurus</a> &amp; <a href="?id=2&amp;nr=20148&amp;name=Marko+Stunt">Marko Stunt</a>) (11:40)
31.08.2019|All Elite Wrestling|<a href="?id=5&amp;nr=5">AAA World Tag Team Title</a> Ladder: |<a href="?id=28&amp;nr=7400&amp;name=The+Lucha+Brothers">The Lucha Brothers</a> (<a href="?id=2&amp;nr=10334&amp;name=Pentagon+Jr.">Pentagon Jr.</a> &amp; <a href="?id=2&amp;nr=10343&amp;name=Rey+Fenix++">Rey Fenix</a>) (c) defeat <a href="?id=28&amp;nr=1030&amp;name=The+Young+Bucks">The Young Bucks</a> (<a href="?id=2&amp;nr=4739&amp;name=Matt+Jackson">Matt Jackson</a> &amp; <a href="?id=2&amp;nr=4740&amp;name=Nick+Jackson">Nick Jackson</a>) (24:10)
31.08.2019|All Elite Wrestling|<a href="?id=5&amp;nr=4331">AEW World Title</a> Match (vakant): |<a href="?id=2&amp;nr=758&amp;name=Chris+Jericho">Chris Jericho</a> defeats <a href="?id=2&amp;nr=11161&amp;name=Adam+Page">Adam Page</a> (26:16) - <span class="MatchTitleChange">TITLE CHANGE !!!</span>
31.08.2019|All Elite Wrestling|Cracker Barrel Clash Three Way: |<a href="?id=2&amp;nr=4504&amp;name=Jimmy+Havoc">Jimmy Havoc</a> defeats <a href="?id=2&amp;nr=18849&amp;name=Darby+Allin">Darby Allin</a> and <a href="?id=2&amp;nr=10271&amp;name=Joey+Janela">Joey Janela</a> (14:57)
31.08.2019|All Elite Wrestling|Winner Gets Bye In The AEW Tag Team Title Tournament: |<a href="?id=29&amp;nr=2663&amp;name=The+Dark+Order">The Dark Order</a> (<a href="?id=2&amp;nr=2397&amp;name=Evil+Uno">Evil Uno</a> &amp; <a href="?id=2&amp;nr=5424&amp;name=Stu+Grayson">Stu Grayson</a>) defeat <a href="?id=28&amp;nr=5164&amp;name=Best+Friends">Best Friends</a> (<a href="?id=2&amp;nr=3828&amp;name=Chuck+Taylor">Chuck Taylor</a> &amp; <a href="?id=2&amp;nr=2963&amp;name=Trent">Trent</a>) (13:44)
13.07.2019|All Elite Wrestling||<a href="?id=2&amp;nr=11161&amp;name=Adam+Page">Adam Page</a> defeats <a href="?id=2&amp;nr=14266&amp;name=Kip+Sabian">Kip Sabian</a> (19:03)
13.07.2019|All Elite Wrestling||<a href="?id=2&amp;nr=10279&amp;name=Brandi+Rhodes">Brandi Rhodes</a> defeats <a href="?id=2&amp;nr=5376&amp;name=Allie">Allie</a> (10:14)
13.07.2019|All Elite Wrestling||<a href="?id=2&amp;nr=2906&amp;name=Kenny+Omega">Kenny Omega</a> defeats <a href="?id=2&amp;nr=1369&amp;name=CIMA">CIMA</a> (22:33)
13.07.2019|All Elite Wrestling||<a href="?id=2&amp;nr=17012&amp;name=MJF">MJF</a>, <a href="?id=2&amp;nr=15284&amp;name=Sammy+Guevara">Sammy Guevara</a> &amp; <a href="?id=2&amp;nr=3190&amp;name=Shawn+Spears">Shawn Spears</a> defeat <a href="?id=2&amp;nr=18849&amp;name=Darby+Allin">Darby Allin</a>, <a href="?id=2&amp;nr=4504&amp;name=Jimmy+Havoc">Jimmy Havoc</a> &amp; <a href="?id=2&amp;nr=10271&amp;name=Joey+Janela">Joey Janela</a> (13:13)
13.07.2019|All Elite Wrestling||<a href="?id=28&amp;nr=7400&amp;name=The+Lucha+Brothers">The Lucha Brothers</a> (<a href="?id=2&amp;nr=10334&amp;name=Pentagon+Jr.">Pentagon Jr.</a> &amp; <a href="?id=2&amp;nr=10343&amp;name=Rey+Fenix++">Rey Fenix</a>) defeat <a href="?id=29&amp;nr=2246&amp;name=SCU">SCU</a> (<a href="?id=2&amp;nr=892&amp;name=Frankie+Kazarian">Frankie Kazarian</a> &amp; <a href="?id=2&amp;nr=293&amp;name=Scorpio+Sky">Scorpio Sky</a>) (15:05)
13.07.2019|All Elite Wrestling||<a href="?id=28&amp;nr=1030&amp;name=The+Young+Bucks">The Young Bucks</a> (<a href="?id=2&amp;nr=4739&amp;name=Matt+Jackson">Matt Jackson</a> &amp; <a href="?id=2&amp;nr=4740&amp;name=Nick+Jackson">Nick Jackson</a>) defeat <a href="?id=28&amp;nr=5093&amp;name=Brotherhood+++++++++++++++++++++++">Brotherhood</a> (<a href="?id=2&amp;nr=3686&amp;name=Cody+">Cody</a> &amp; <a href="?id=2&amp;nr=917&amp;name=Dustin+Rhodes">Dustin Rhodes</a>) (31:26)
13.07.2019|All Elite Wrestling|Three Way: |<a href="?id=29&amp;nr=2663&amp;name=The+Dark+Order">The Dark Order</a> (<a href="?id=2&amp;nr=2397&amp;name=Evil+Uno">Evil Uno</a> &amp; <a href="?id=2&amp;nr=5424&amp;name=Stu+Grayson">Stu Grayson</a>) defeat <a href="?id=28&amp;nr=8746&amp;name=A+Boy+And+His+Dinosaur">A Boy And His Dinosaur</a> (<a href="?id=2&amp;nr=18237&amp;name=Jungle+Boy+">Jungle Boy</a> &amp; <a href="?id=2&amp;nr=11924&amp;name=Luchasaurus">Luchasaurus</a>) and <a href="?id=2&amp;nr=8047&amp;name=Angelico">Angelico</a> &amp; <a href="?id=2&amp;nr=842&amp;name=Jack+Evans">Jack Evans</a> (15:07)
29.06.2019|All Elite Wrestling||<a href="?id=2&amp;nr=1369&amp;name=CIMA">CIMA</a> defeats <a href="?id=2&amp;nr=452&amp;name=Christopher+Daniels">Christopher Daniels</a> (10:58)
29.06.2019|All Elite Wrestling||<a href="?id=2&amp;nr=3686&amp;name=Cody+">Cody</a> vs. <a href="?id=2&amp;nr=18849&amp;name=Darby+Allin">Darby Allin</a> - Time Limit Draw (20:00)
29.06.2019|All Elite Wrestling||<a href="?id=29&amp;nr=2366&amp;name=The+Elite">The Elite</a> (<a href="?id=2&amp;nr=2906&amp;name=Kenny+Omega">Kenny Omega</a>, <a href="?id=2&amp;nr=4739&amp;name=Matt+Jackson">Matt Jackson</a> &amp; <a href="?id=2&amp;nr=4740&amp;name=Nick+Jackson">Nick Jackson</a>) defeat <a href="?id=2&amp;nr=5329&amp;name=Laredo+Kid">Laredo Kid</a> &amp; <a href="?id=28&amp;nr=7400&amp;name=The+Lucha+Brothers">The Lucha Brothers</a> (<a href="?id=2&amp;nr=10334&amp;name=Pentagon+Jr.">Pentagon Jr.</a> &amp; <a href="?id=2&amp;nr=10343&amp;name=Rey+Fenix++">Rey Fenix</a>) (20:29)
29.06.2019|All Elite Wrestling|Four Way: |<a href="?id=2&amp;nr=11161&amp;name=Adam+Page">Adam Page</a> defeats <a href="?id=2&amp;nr=4504&amp;name=Jimmy+Havoc">Jimmy Havoc</a> and <a href="?id=2&amp;nr=18237&amp;name=Jungle+Boy+">Jungle Boy</a> and <a href="?id=2&amp;nr=17012&amp;name=MJF">MJF</a> (10:51)
29.06.2019|All Elite Wrestling|Lights Out: |<a href="?id=2&amp;nr=3940&amp;name=Jon+Moxley">Jon Moxley</a> defeats <a href="?id=2&amp;nr=10271&amp;name=Joey+Janela">Joey Janela</a> (20:21)
29.06.2019|All Elite Wrestling|Triple Threat: |<a href="?id=2&amp;nr=9434&amp;name=Riho">Riho</a> defeats <a href="?id=2&amp;nr=17025&amp;name=Nyla+Rose">Nyla Rose</a> and <a href="?id=2&amp;nr=16547&amp;name=Yuka+Sakazaki">Yuka Sakazaki</a> (13:02)
25.05.2019|All Elite Wrestling||<a href="?id=28&amp;nr=5164&amp;name=Best+Friends">Best Friends</a> (<a href="?id=2&amp;nr=3828&amp;name=Chuck+Taylor">Chuck Taylor</a> &amp; <a href="?id=2&amp;nr=2963&amp;name=Trent">Trent</a>) defeat <a href="?id=2&amp;nr=8047&amp;name=Angelico">Angelico</a> &amp; <a href="?id=2&amp;nr=842&amp;name=Jack+Evans">Jack Evans</a> (12:42)
25.05.2019|All Elite Wrestling||<a href="?id=2&amp;nr=758&amp;name=Chris+Jericho">Chris Jericho</a> defeats <a href="?id=2&amp;nr=2906&amp;name=Kenny+Omega">Kenny Omega</a> (26:52)
25.05.2019|All Elite Wrestling||<a href="?id=2&amp;nr=3686&amp;name=Cody+">Cody</a> defeats <a href="?id=2&amp;nr=917&amp;name=Dustin+Rhodes">Dustin Rhodes</a> (22:28)
25.05.2019|All Elite Wrestling||<a href="?id=2&amp;nr=9462&amp;name=Hikaru+Shida">Hikaru Shida</a>, <a href="?id=2&amp;nr=9434&amp;name=Riho">Riho</a> &amp; <a href="?id=2&amp;nr=8562&amp;name=Ryo+Mizunami">Ryo Mizunami</a> defeat <a href="?id=2&amp;nr=828&amp;name=Aja+Kong">Aja Kong</a>, <a href="?id=2&amp;nr=4629&amp;name=Emi+Sakura">Emi Sakura</a> &amp; <a href="?id=2&amp;nr=16547&amp;name=Yuka+Sakazaki">Yuka Sakazaki</a> (12:58)
25.05.2019|All Elite Wrestling||<a href="?id=29&amp;nr=2246&amp;name=SCU">SCU</a> (<a href="?id=2&amp;nr=452&amp;name=Christopher+Daniels">Christopher Daniels</a>, <a href="?id=2&amp;nr=892&amp;name=Frankie+Kazarian">Frankie Kazarian</a> &amp; <a href="?id=2&amp;nr=293&amp;name=Scorpio+Sky">Scorpio Sky</a>) defeat <a href="?id=29&amp;nr=2283&amp;name=STRONGHEARTS">STRONGHEARTS</a> (<a href="?id=2&amp;nr=1369&amp;name=CIMA">CIMA</a>, <a href="?id=2&amp;nr=15430&amp;name=El+Lindaman">El Lindaman</a> &amp; <a href="?id=2&amp;nr=9617&amp;name=T-Hawk">T-Hawk</a>) (13:38)
25.05.2019|All Elite Wrestling|<a href="?id=5&amp;nr=5">AAA World Tag Team Title</a>: |<a href="?id=28&amp;nr=1030&amp;name=The+Young+Bucks">The Young Bucks</a> (<a href="?id=2&amp;nr=4739&amp;name=Matt+Jackson">Matt Jackson</a> &amp; <a href="?id=2&amp;nr=4740&amp;name=Nick+Jackson">Nick Jackson</a>) (c) defeat <a href="?id=28&amp;nr=7400&amp;name=The+Lucha+Brothers">The Lucha Brothers</a> (<a href="?id=2&amp;nr=10334&amp;name=Pentagon+Jr.">Pentagon Jr.</a> &amp; <a href="?id=2&amp;nr=10343&amp;name=Rey+Fenix++">Rey Fenix</a>) (24:48)
25.05.2019|All Elite Wrestling|Four Way: |<a href="?id=2&amp;nr=17188&amp;name=Dr.+Britt+Baker+DMD">Dr. Britt Baker DMD</a> defeats <a href="?id=2&amp;nr=3643&amp;name=Awesome+Kong+">Awesome Kong</a> and <a href="?id=2&amp;nr=19461&amp;name=Kylie+Rae">Kylie Rae</a> and <a href="?id=2&amp;nr=17025&amp;name=Nyla+Rose">Nyla Rose</a> (11:08)